1,水道・ガス・光熱費,2022-07-09,トウキヨウデンリヨク,3935,クレジット,ノーコメント
2,旅費交通費,2022-07-13,ジエイテイ−ビ−ジエイビ−アイト,24190,クレジット,
3,食費,2022-07-13,マツクスバリユ,1702,クレジット,
4,通信費,2022-07-15,ソフトバンクＭ（０６ガツ）,2181,クレジット,
5,通信費,2022-07-15,ソフトバンクＭ（０６ガツ）,3325,クレジット,
6,接待交際費,2022-07-15,カタマリ　ミ−トバルギンザテン,8000,クレジット,
7,旅費交通費,2022-07-15,モバイルパスモチヤ−ジ,3000,クレジット,
8,接待交際費,2022-07-15,マルゴシンバシ,4700,クレジット,
9,接待交際費,2022-07-15,トウキヨウエキクロカベヨコチヨウ,1580,クレジット,
10,食費,2022-07-16,マルエツフナバシミヤマテン,257,クレジット,
11,食費,2022-07-17,ダイレツクス,878,クレジット,
12,食費,2022-07-17,ダイレツクス,849,クレジット,
13,接待交際費,2022-07-17,ナリタコクサイクウコウタ−ミナル,1166,クレジット,
14,食費,2022-07-18,ダイレツクス,515,クレジット,
15,食費,2022-07-19,ドンキホーテサガテン（ヒショクヒン）,2189,クレジット,
16,食費,2022-07-21,ダイレツクス,187,クレジット,
17,食費,2022-07-21,ユメタウン　サガ,968,クレジット,
18,旅費交通費,2022-07-21,ＥＮＥＯＳ　ＳＳ,6082,クレジット,
19,食費,2022-07-24,ダイレツクス,431,クレジット,
20,食費,2022-07-24,スシロ−　テイクアウト,2800,クレジット,
21,食費,2022-07-25,ス−パ−スポ−ツゼビオ　ユメタウ,2480,クレジット,
22,食費,2022-07-25,ダイレツクス,1098,クレジット,
23,食費,2022-07-25,ユメタウン　サガ,1023,クレジット,
24,食費,2022-07-27,ユメタウン　サガ,880,クレジット,
25,食費,2022-07-28,ペイペイ　ティーワンズバーガー,1180,クレジット,
26,食費,2022-07-30,ダイレツクス,317,クレジット,
27,食費,2022-07-30,ダイレツクス,498,クレジット,
28,通信費,2022-07-31,ＡＰＰＬＥ　ＣＯＭ　ＢＩＬＬ,130,クレジット,
29,食費,2022-07-31,ロ−ソン　ＬＡＷ　クルメニシマチ,127,クレジット,
30,食費,2022-07-31,ダイレツクス,441,クレジット,
31,食費,2022-07-31,ダイレツクス,1430,クレジット,
32,研修費,2022-08-01,ベンゴシドツトコム,330,クレジット,
33,食費,2022-08-01,ダイレツクス,232,クレジット,
34,接待交際費,2022-08-02,トリヤマルハチサガホンジヨウテン,930,クレジット,
35,食費,2022-08-03,ユメタウン　サガ,890,クレジット,
36,食費,2022-08-04,ダイレツクス,2180,クレジット,
37,接待交際費,2022-08-05,ラクテンペイ　サガマド,1620,クレジット,
38,食費,2022-08-05,ユメタウン　サガ,424,クレジット,
39,食費,2022-08-06,セブン　イレブン,243,クレジット,
40,接待交際費,2022-08-07,ムラオカヤ　ミズガエテン,1306,クレジット,
41,接待交際費,2022-08-07,ラインギフト,550,クレジット,
42,接待交際費,2022-08-07,ラインギフト,1100,クレジット,
43,食費,2022-08-07,セブン　イレブン,139,クレジット,
44,返済,2022-07-31,返済関係,5000,現金,
45,食費,2022-07-20,佐賀ランチ,500,現金,
46,食費,2022-08-06,maru,970,現金,
47,接待交際費,2022-08-07,米寿旅行,10000,現金,
48,水道・ガス・光熱費,2022-08-09,水道,1518,現金,
49,医療費,2022-08-09,病院,870,現金,ピロリ菌
50,水道・ガス・光熱費,2022-08-10,キヨタガス,2424,現金,
51,接待交際費,2022-07-13,達也のみ,4000,現金,
52,返済,2022-06-31,返済関係,5000,現金,
53,医療費,2022-06-20,歯医者,1810,現金,
54,食費,2022-06-21,ラーメン,3000,現金,3食分
55,医療費,2022-06-28,歯医者,1250,現金,
56,医療費,2022-06-30,歯医者,180,現金,
57,水道・ガス・光熱費,2022-07-02,下水道,1756,現金,
58,水道・ガス・光熱費,2022-07-05,水道,1518,現金,2ヶ月分
59,医療費,2022-07-07,歯医者,2020,現金,
60,水道・ガス・光熱費,2022-07-11,キヨタガス,3771,現金,
61,消耗品,2022-07-03,ＡＭＡＺＯＮ．ＣＯ．ＪＰ,-3328,現金,
62,食費,2022-07-03,ＡＭＡＺＯＮ．ＣＯ．ＪＰブルーベリー,3328,現金,
63,水道・ガス・光熱費,2022-06-09,トウキヨウデンリヨク,4144,クレジット,
64,接待交際費,2022-06-14,遠藤くん：ヒダカヤ　シンバシエキマエテン,1590,クレジット,
65,消耗品,2022-06-14,ＡＭＡＺＯＮ．ＣＯ．ＪＰ,1199,クレジット,
66,接待交際費,2022-06-14,ギンザスリ−ハンドレツドバ−ハ,1980,クレジット,
67,通信費,2022-06-15,ソフトバンクＭ（０５ガツ）,3347,クレジット,
68,通信費,2022-06-15,ソフトバンクＭ（０５ガツ）,2181,クレジット,
69,消耗品,2022-06-15,ニンテンドーＥショップ,990,クレジット,
70,食費,2022-06-15,ＦＳカスミヒガシナラシノテン,943,クレジット,
71,旅費交通費,2022-06-15,モバイルパスモチヤ−ジ,3000,クレジット,
72,食費,2022-06-17,ペイペイ ローソン,428,クレジット,
73,食費,2022-06-17,スキヤ,570,クレジット,
74,接待交際費,2022-06-17,ギンザスリ−ハンドレツドバ−ネ,990,クレジット,
75,食費,2022-06-17,ＦＳカスミヒガシナラシノテン,650,クレジット,
76,接待交際費,2022-06-18,ＨＵＢシブヤ２ゴ,220,クレジット,
77,食費,2022-06-18,マツクスバリユ,105,クレジット,
78,食費,2022-06-18,イオンタウン,902,クレジット,
79,旅費交通費,2022-06-19,モバイルパスモチヤ−ジ,3000,クレジット,
80,食費,2022-06-19,アコレ,191,クレジット,
81,食費,2022-06-20,マツクスバリユ,479,クレジット,
82,食費,2022-06-21,アコレ,979,クレジット,
83,食費,2022-06-22,イチカクヤシブヤセンターテン,880,クレジット,
84,旅費交通費,2022-06-22,モバイルパスモチヤ−ジ,3000,クレジット,
85,消耗品,2022-06-23,ニンテンドーＥショップ,3054,クレジット,
86,消耗品,2022-06-23,ヘアメイクアース　ツダヌマテン,8250,クレジット,
87,消耗品,2022-06-23,ユニクロ　ジ−ユ−　プラステオンライ,5980,クレジット,
88,食費,2022-06-23,マツクスバリユ,1029,クレジット,
89,食費,2022-06-23,イオンタウン,4752,クレジット,
90,接待交際費,2022-06-24,テケテケ　シブヤウダガワチヨウテン,5304,クレジット,
91,食費,2022-06-25,ペイペイ　ヨシノヤ,481,クレジット,
92,接待交際費,2022-06-25,ワインバ−ヒロ,4660,クレジット,
93,旅費交通費,2022-06-25,ジユウクウカンシブヤドウゲンザ,2910,クレジット,
94,食費,2022-06-25,セブン　イレブン,370,クレジット,
95,旅費交通費,2022-06-25,ホテルモテイ,11000,クレジット,
96,消耗品,2022-06-25,シブヤサンチヨウメクリニツク,1000,クレジット,
97,食費,2022-06-26,ペイペイ　ファミリーマート,213,クレジット,
98,食費,2022-06-26,ペイペイ　カスミ,520,クレジット,
99,旅費交通費,2022-06-27,モバイルパスモチヤ−ジ,3000,クレジット,
100,接待交際費,2022-06-27,デイオ−ルコウシキオンラインブテイツ,6050,クレジット,
101,医療費,2022-06-27,サンノウケンシンセンタ−,2000,クレジット,
102,食費,2022-06-28,ＦＳカスミヒガシナラシノテン,1303,クレジット,
103,食費,2022-06-29,マルエツフナバシミヤマテン,2013,クレジット,
104,通信費,2022-06-30,ＡＰＰＬＥ ＣＯＭ ＢＩＬＬ,130,クレジット,
105,接待交際費,2022-06-30,ＡＰＰＬＥ ＣＯＭ ＢＩＬＬ：with,17800,クレジット,
106,食費,2022-06-30,マルエツフナバシミヤマテン,181,クレジット,
107,通信費,2022-06-30,ドコモ　ゴリヨウリヨウキン,5720,クレジット,
108,消耗品,2022-07-01,ＡＭＡＺＯＮ．ＣＯ．ＪＰ,3174,クレジット,
109,接待交際費,2022-07-01,ギンザスリ−ハンドレツドバ−コ,990,クレジット,
110,食費,2022-07-01,ＦＳカスミヒガシナラシノテン,429,クレジット,
111,研修費,2022-07-01,ベンゴシドツトコム,330,クレジット,
112,食費,2022-07-02,マルエツフナバシミヤマテン,4085,クレジット,
113,消耗品,2022-07-03,ＡＭＡＺＯＮ．ＣＯ．ＪＰ,3328,クレジット,
114,接待交際費,2022-07-04,フェスバイアソビ,7700,クレジット,
115,接待交際費,2022-07-04,カンゼンコシツ　フナバシガ−デン,4092,クレジット,
116,食費,2022-07-05,マルエツフナバシミヤマテン,1277,クレジット,
117,接待交際費,2022-07-08,ラインギフト,3850,クレジット,
118,旅費交通費,2022-07-08,モバイルパスモチヤ−ジ,3000,クレジット,
119,食費,2022-07-08,ＦＳカスミヒガシナラシノテン,2033,クレジット,
120,食費,2022-07-08,ロ−ソン　ＬＡＷ　マルノウチナカドオリ,428,クレジット,
121,接待交際費,2022-07-08,トウキヨウエキグランスタ,1298,クレジット,
122,食費,2022-07-09,ＦＳカスミヒガシナラシノテン,806,クレジット,
123,接待交際費,2022-07-09,ポルタ,836,クレジット,
124,接待交際費,2022-07-09,メレンゲミナトミライテン,6281,クレジット,
125,消耗品,2022-07-10,ＡＭＡＺＯＮ．ＣＯ．ＪＰ,220,クレジット,
126,食費,2022-07-10,マツクスバリユ,1207,クレジット,
127,接待交際費,2022-07-11,テケテケ　シブヤウダガワチヨウテン,4818,クレジット,
128,旅費交通費,2022-07-11,モバイルパスモチヤ−ジ,3000,クレジット,
129,水道・ガス・光熱費,2022-05-23,水道代,1474,現金,
130,水道・ガス・光熱費,2022-05-10,キヨタガス,3496,現金,
131,食費,2022-05-17,吉野家,544,現金,
132,返済,2022-05-31,返済関係,5000,現金,
133,旅費交通費,2022-05-21,京成大久保〜渋谷,960,現金,
134,旅費交通費,2022-05-21,京成大久保〜渋谷,100,現金,駐輪代
135,消耗品,2022-05-22,免許更新,3850,現金,
136,消耗品,2022-05-22,印刷代,300,現金,
137,医療費,2022-05-25,歯医者,1530,現金,
138,医療費,2022-05-25,実籾外科,1220,現金,
139,医療費,2022-06-02,歯医者,2760,現金,
140,通信費,2022-05-28,ラクテングル−プデンワサ−ビス,-4419,現金,経費申請
141,食費,2022-05-20,ＡＭＡＺＯＮ．ＣＯ．ＪＰプロテイン,5049,現金,プロテイン分を食費として追加
142,消耗品,2022-05-20,ＡＭＡＺＯＮ．ＣＯ．ＪＰ,-5049,現金,
143,食費,2022-05-20,ＡＭＡＺＯＮ．ＣＯ．ＪＰブルーベリー,3370,現金,ブルーベリー分を食費として追加
144,消耗品,2022-05-20,ＡＭＡＺＯＮ．ＣＯ．ＪＰ,-3370,現金,
145,医療費,2022-06-10,歯医者,1810,現金,
146,接待交際費,2022-06-10,jamba丸の内,470,現金,
147,食費,2022-06-13,ラーメン高橋つけめん,900,現金,ラーメン高橋つけめん
148,旅費交通費,2022-05-07,シユンジユウコウクウニホンカブシキカ,22760,クレジット,※変更手数料込
149,水道・ガス・光熱費,2022-05-09,トウキヨウデンリヨク,4574,クレジット,
150,食費,2022-05-12,マルエツフナバシミヤマテン,1492,クレジット,
151,消耗品,2022-05-14,ペイペイ　ダイソー,440,クレジット,
152,食費,2022-05-14,マツクスバリユ,1058,クレジット,
153,通信費,2022-05-15,ソフトバンクＭ（０４ガツ）,2742,クレジット,
154,通信費,2022-05-15,ソフトバンクＭ（０４ガツ）,2181,クレジット,
155,消耗品,2022-05-15,ヘアメイクアース　ツダヌマテン,4950,クレジット,
156,食費,2022-05-19,マツクスバリユ,1302,クレジット,
157,消耗品,2022-05-20,ＡＭＡＺＯＮ．ＣＯ．ＪＰ,7045,クレジット,
158,食費,2022-05-21,ヒダカヤ　ケイセイフナバシテン,680,クレジット,
159,食費,2022-05-22,アコレ,100,クレジット,
160,食費,2022-05-23,ペイペイ　カスミ,851,クレジット,
161,消耗品,2022-05-24,ＴＢＣ,500,クレジット,
162,食費,2022-05-24,ヒダカヤ　ケイセイフナバシテン,680,クレジット,
163,旅費交通費,2022-05-25,モバイルパスモチヤ−ジ,500,クレジット,
164,旅費交通費,2022-05-25,シユンジユウコウクウニホンカブシキカ,1589,クレジット,
165,食費,2022-05-27,ペイペイ　ヨシノヤ,426,クレジット,
166,旅費交通費,2022-05-27,モバイルパスモチヤ−ジ,500,クレジット,
167,食費,2022-05-28,ペイペイ　ファミリーマート,180,クレジット,
168,食費,2022-05-28,ペイペイ　カスミ,891,クレジット,
169,通信費,2022-05-28,ラクテングル−プデンワサ−ビス,4419,クレジット,
170,旅費交通費,2022-05-28,モバイルパスモチヤ−ジ,1000,クレジット,
171,旅費交通費,2022-05-28,モバイルパスモチヤ−ジ,1000,クレジット,
172,食費,2022-05-29,ペイペイ　カスミ,725,クレジット,
173,消耗品,2022-05-29,ＡＭＡＺＯＮ．ＣＯ．ＪＰ,3370,クレジット,
174,消耗品,2022-05-29,ＡＭＡＺＯＮ．ＣＯ．ＪＰ,2076,クレジット,
175,消耗品,2022-05-29,ＡＭＡＺＯＮ．ＣＯ．ＪＰ,1980,クレジット,
176,旅費交通費,2022-05-29,モバイルパスモチヤ−ジ,1000,クレジット,
177,食費,2022-05-31,ペイペイ　ローソン,397,クレジット,
178,食費,2022-05-31,ペイペイ　ヨシノヤ,404,クレジット,
179,通信費,2022-05-31,ＡＰＰＬＥ　ＣＯＭ　ＢＩＬＬ,130,クレジット,
180,旅費交通費,2022-05-31,モバイルパスモチヤ−ジ,1000,クレジット,
181,通信費,2022-05-31,ドコモ　ゴリヨウリヨウキン,5720,クレジット,
182,食費,2022-06-01,アコレ,1610,クレジット,
183,食費,2022-06-01,マルエツオオクボエキマエテン,891,クレジット,
184,旅費交通費,2022-06-01,モバイルパスモチヤ−ジ,3000,クレジット,
185,食費,2022-06-02,ペイペイ　カスミ,1047,クレジット,
186,消耗品,2022-06-02,ＡＭＡＺＯＮ．ＣＯ．ＪＰ,1760,クレジット,
187,食費,2022-06-03,ペイペイ　ローソン,418,クレジット,
188,食費,2022-06-03,ＦＳカスミヒガシナラシノテン,490,クレジット,
189,消耗品,2022-06-04,ペイペイ　ダイソー,220,クレジット,
190,食費,2022-06-04,ＦＳカスミヒガシナラシノテン,406,クレジット,
191,食費,2022-06-05,ガスト,878,クレジット,
192,旅費交通費,2022-06-05,モバイルパスモチヤ−ジ,3000,クレジット,
193,研修費,2022-06-05,ベンゴシドツトコム,330,クレジット,
194,消耗品,2022-06-05,シブヤサンチヨウメクリニツク,5100,クレジット,
195,接待交際費,2022-06-05,モツクンシブヤ,4411,クレジット,freee登録済み
196,食費,2022-06-07,ペイペイ　ローソン,428,クレジット,
197,接待交際費,2022-06-07,ギンザスリ−ハンドレツドバ−ネ,990,クレジット,freee登録済み
198,食費,2022-06-08,ペイペイ　ローソン,215,クレジット,
199,食費,2022-06-08,ペイペイ　カスミ,997,クレジット,
200,食費,2022-06-08,マルエツオオクボエキマエテン,557,クレジット,
201,旅費交通費,2022-06-08,モバイルパスモチヤ−ジ,3000,クレジット,
202,消耗品,2022-06-09,ペイペイ　ダイソー,220,クレジット,
203,接待交際費,2022-06-10,ギンザスリ−ハンドレツドバ−ネ,990,クレジット,freee登録済み
204,消耗品,2022-06-10,ＡＭＡＺＯＮ．ＣＯ．ＪＰ,797,クレジット,
205,旅費交通費,2022-06-10,モバイルパスモチヤ−ジ,3000,クレジット,
206,食費,2022-06-10,ＦＳカスミヒガシナラシノテン,834,クレジット,
207,接待交際費,2022-06-11,ラウンジバ−　クラ−ジユ,8460,クレジット,freee登録済み
208,食費,2022-06-13,ペイペイ　カスミ,549,クレジット,
209,消耗品,2022-06-14,ニンテンドーＥショップ,990,クレジット,
210,食費,2022-04-23,セブン　イレブン,203,クレジット,
211,食費,2022-04-23,アコレ,1480,クレジット,
212,食費,2022-04-23,マックスバリュ,311,クレジット,
213,消耗品,2022-04-23,ペイペイ　ダイソー,330,クレジット,
214,水道・ガス・光熱費,2022-04-27,水道代,1744,クレジット,
215,返済,2022-04-24,返済関係,18400,クレジット,
216,食費,2022-05-08,セブン　イレブン,1078,クレジット,粗大・不燃ごみ等
217,消耗品,2022-05-08,ブックオフ,445,クレジット,
218,食費,2022-05-01,なりくん米,5136,クレジット,
219,水道・ガス・光熱費,2022-05-10,キヨタガス,3496,クレジット,
220,医療費,2022-05-13,歯医者,3940,クレジット,
221,返済,2022-04-30,返済関係,5000,クレジット,
222,水道・ガス・光熱費,2022-04-09,トウキヨウデンリヨク,4431,クレジット,
223,食費,2022-04-14,マルエツフナバシミヤマテン,1818,クレジット,
224,消耗品,2022-04-14,ＡＭＡＺＯＮ．ＣＯ．ＪＰ,480,クレジット,
225,消耗品,2022-04-14,ＡＭＡＺＯＮ．ＣＯ．ＪＰ,3280,クレジット,
226,通信費,2022-04-15,ソフトバンクＭ（０３ガツ）,5328,クレジット,
227,通信費,2022-04-15,ソフトバンクＭ（０３ガツ）,8145,クレジット,
228,消耗品,2022-04-15,ＡＭＡＺＯＮ．ＣＯ．ＪＰ,4780,クレジット,
229,消耗品,2022-04-16,ペイペイ　ダイソー,330,クレジット,
230,食費,2022-04-16,ヒダカヤ　ケイセイオオクボテン,740,クレジット,
231,食費,2022-04-16,マルエツオオクボエキマエテン,2082,クレジット,
232,食費,2022-04-16,マツクスバリユ,1805,クレジット,
233,食費,2022-04-16,イオンタウン,2926,クレジット,
234,食費,2022-04-17,ＦＳカスミヒガシナラシノテン,736,クレジット,
235,消耗品,2022-04-18,ユニクロ　ジ－ユ－　プラステオンライ,5980,クレジット,
236,接待交際費,2022-04-19,ヨリドリ,6000,クレジット,服
237,食費,2022-04-20,マツクスバリユ,2797,クレジット,飲み
238,食費,2022-04-21,ココス,979,クレジット,
239,消耗品,2022-04-22,ＡＭＡＺＯＮ．ＣＯ．ＪＰ,1775,クレジット,
240,節税関係,2022-04-22,クラシキシフルサトノウゼイ,34000,クレジット,
241,食費,2022-04-25,マルエツフナバシミヤマテン,2648,クレジット,ふるさと納税（マットレス）
242,食費,2022-04-26,ペイペイ　ローソン,180,クレジット,
243,食費,2022-04-26,アコレ,361,クレジット,
244,食費,2022-04-27,マツクスバリユ,1340,クレジット,
245,消耗品,2022-04-27,ペイペイ　ダイソー,220,クレジット,
246,ＡＭＡＺＯＮ．ＣＯ．ＪＰブルーベリー,2022-04-30,ビツグボ－イ,315,クレジット,
247,通信費,2022-04-30,ＡＰＰＬＥ　ＣＯＭ　ＢＩＬＬ,130,クレジット,
248,食費,2022-04-30,マルエツヒガシナラシノテン,1134,クレジット,
249,通信費,2022-04-30,ドコモ　ゴリヨウリヨウキン,5720,クレジット,
250,食費,2022-05-01,マルエツフナバシミヤマテン,2359,クレジット,
251,消耗品,2022-05-02,ペイペイ　ダイソー,1100,クレジット,
252,食費,2022-05-02,マルエツヒガシナラシノテン,616,クレジット,
253,消耗品,2022-05-03,ＡＭＡＺＯＮ．ＣＯ．ＪＰ,1940,クレジット,
254,食費,2022-05-03,マツクスバリユ,1670,クレジット,
255,消耗品,2022-05-04,ヤマダデンキ　テツクフナバシテン,3626,クレジット,
256,消耗品,2022-05-05,ＡＭＡＺＯＮ．ＣＯ．ＪＰ,352,クレジット,
257,消耗品,2022-05-05,ＡＭＡＺＯＮ．ＣＯ．ＪＰ,2781,クレジット,
258,消耗品,2022-05-05,ＡＭＡＺＯＮ．ＣＯ．ＪＰ,1399,クレジット,
259,消耗品,2022-05-05,ＡＭＡＺＯＮ．ＣＯ．ＪＰ,4909,クレジット,
260,消耗品,2022-05-05,メガドン　キホ－テ　ナラシノテン,1097,クレジット,
261,食費,2022-05-05,マツクスバリユ,1164,クレジット,
262,消耗品,2022-05-06,ペイペイ　ダイソー,220,クレジット,
263,食費,2022-05-06,マツクスバリユ,224,クレジット,
264,食費,2022-05-06,マツクスバリユ,737,クレジット,
265,食費,2022-05-07,マツクスバリユ,810,クレジット,
266,消耗品,2022-05-08,ＡＭＡＺＯＮ．ＣＯ．ＪＰ,555,クレジット,
267,消耗品,2022-05-08,ＡＭＡＺＯＮ．ＣＯ．ＪＰ,384,クレジット,
268,消耗品,2022-05-09,ＡＭＡＺＯＮ．ＣＯ．ＪＰ,591,クレジット,
269,食費,2022-05-10,ペイペイ　マルエツ,966,クレジット,
270,食費,2022-05-10,ペイペイ　ハイデイヒダカ,680,クレジット,
271,食費,2022-05-11,ペイペイ　ファミリーマート,320,クレジット,
272,食費,2022-05-12,アコレ,1898,クレジット,
273,医療費,2022-04-07,歯医者,3010,クレジット,
274,医療費,2022-04-13,歯医者,1780,クレジット,
275,水道・ガス・光熱費,2022-03-09,トウキヨウデンリヨク,4942,クレジット,
276,食費,2022-03-13,マツクスバリユ,837,クレジット,
277,消耗品,2022-03-14,ＡＭＡＺＯＮ．ＣＯ．ＪＰ,1090,クレジット,
278,消耗品,2022-03-14,ＡＭＡＺＯＮ．ＣＯ．ＪＰ,989,クレジット,
279,消耗品,2022-03-14,ＡＭＡＺＯＮ．ＣＯ．ＪＰ,4980,クレジット,
280,消耗品,2022-03-14,ＡＭＡＺＯＮ．ＣＯ．ＪＰ,999,クレジット,
281,旅費交通費,2022-03-14,ラクテントラベル　コクナイシュクハク,13050,クレジット,大阪
282,旅費交通費,2022-03-14,エキネツト,29640,クレジット,大阪
283,食費,2022-03-15,マツクスバリユ,540,クレジット,
284,消耗品,2022-03-16,ＡＭＡＺＯＮ．ＣＯ．ＪＰ,163,クレジット,
285,消耗品,2022-03-16,ＡＭＡＺＯＮ．ＣＯ．ＪＰ,7440,クレジット,
286,食費,2022-03-17,パ－クビル,1200,クレジット,
287,食費,2022-03-18,パ－クビル,1200,クレジット,
288,接待交際費,2022-03-18,トウキヨウエキグランスタ,396,クレジット,
289,食費,2022-03-18,エキベンヤ　シンカンセンミナミノリカエ,1105,クレジット,
290,接待交際費,2022-03-19,タカトリ　ニシウメダテン,5731,クレジット,大阪
291,接待交際費,2022-03-19,マサキヤ　ナンバテン,2233,クレジット,大阪
292,接待交際費,2022-03-19,フアニーチケツト,5820,クレジット,大阪
293,消耗品,2022-03-19,ドン　キホ－テ　ウメダホンテン,770,クレジット,
294,接待交際費,2022-03-20,タイシユウサカバ　ナガハマ,6720,クレジット,大阪
295,接待交際費,2022-03-20,ヘツプフアイブ,800,クレジット,大坂
296,食費,2022-03-21,ペイペイ　セブンイレブン,203,クレジット,
297,接待交際費,2022-03-21,キンカクジバイテン　ホンテン,540,クレジット,大阪
298,接待交際費,2022-03-21,アステイキヨウト　アステイシンオオサカ,3010,クレジット,大阪
299,食費,2022-03-22,ヒダカヤ　ケイセイフナバシテン,680,クレジット,
300,消耗品,2022-03-22,ＡＭＡＺＯＮ．ＣＯ．ＪＰ,947,クレジット,
301,食費,2022-03-22,パ－クビル,1200,クレジット,
302,食費,2022-03-23,パ－クビル,1200,クレジット,
303,食費,2022-03-23,アコレ,1149,クレジット,
304,消耗品,2022-03-24,ＡＭＡＺＯＮ．ＣＯ．ＪＰ,4299,クレジット,
305,食費,2022-03-24,マツクスバリユ,1077,クレジット,
306,消耗品,2022-03-25,ペイペイ　ダイソー,110,クレジット,
307,消耗品,2022-03-25,ＡＭＡＺＯＮ．ＣＯ．ＪＰ,748,クレジット,
308,接待交際費,2022-03-26,ナエバスキ－ジヨウ,14100,クレジット,スキー
309,接待交際費,2022-03-26,ナエバスキ－ジヨウ,7200,クレジット,スキー
310,食費,2022-03-26,セブン　イレブン,2056,クレジット,
311,食費,2022-03-27,ケンタツキ－フライドチキン,800,クレジット,
312,食費,2022-03-29,ペイペイ　ハイデイヒダカ,680,クレジット,
313,食費,2022-03-29,ペイペイ　ローソン,180,クレジット,
314,通信費,2022-03-29,ＡＰＰＬＥ　ＣＯＭ　ＢＩＬＬ,26800,クレジット,freee
315,通信費,2022-03-31,ＡＰＰＬＥ　ＣＯＭ　ＢＩＬＬ,130,クレジット,
316,食費,2022-03-31,マルエツフナバシミヤマテン,1720,クレジット,
317,通信費,2022-03-31,ドコモ　ゴリヨウリヨウキン,2992,クレジット,
318,通信費,2022-03-31,ドコモ　ゴリヨウリヨウキン,5720,クレジット,
319,食費,2022-04-01,アコレ,1791,クレジット,
320,食費,2022-04-02,マクドナルド,450,クレジット,
321,食費,2022-04-02,マツクスバリユ,1961,クレジット,
322,消耗品,2022-04-03,ＡＭＡＺＯＮ．ＣＯ．ＪＰ,2389,クレジット,
323,食費,2022-04-05,ヒダカヤ　ケイセイフナバシテン,680,クレジット,
324,食費,2022-04-06,マルエツフナバシミヤマテン,438,クレジット,
325,食費,2022-04-07,マツクスバリユ,2128,クレジット,
326,消耗品,2022-04-07,ペイペイ　ダイソー,110,クレジット,
327,消耗品,2022-04-09,ヘアメイクアース　ツダヌマテン,14300,クレジット,パーマ
328,消耗品,2022-04-09,ユニクロ,2010,クレジット,服
329,食費,2022-04-09,セブン　イレブン,203,クレジット,
330,食費,2022-04-09,マツクスバリユ,358,クレジット,
331,食費,2022-04-09,マツクスバリユ,1463,クレジット,
332,消耗品,2022-04-10,ユニクロ,790,クレジット,服
333,消耗品,2022-04-10,ＡＭＡＺＯＮ．ＣＯ．ＪＰ,485,クレジット,
334,消耗品,2022-04-10,ＡＭＡＺＯＮ．ＣＯ．ＪＰ,1880,クレジット,
335,消耗品,2022-04-10,ＡＭＡＺＯＮ．ＣＯ．ＪＰ,3299,クレジット,
336,消耗品,2022-04-10,ユニクロ　ジ－ユ－　プラステオンライ,10970,クレジット,服
337,消耗品,2022-04-10,ユニクロ　ジ－ユ－　プラステオンライ,5970,クレジット,服
338,消耗品,2022-04-10,ユニクロ　ジ－ユ－　プラステオンライ,5960,クレジット,服
339,食費,2022-04-10,マツクスバリユ,1185,クレジット,
340,消耗品,2022-04-11,ＡＭＡＺＯＮ．ＣＯ．ＪＰ,225,クレジット,
341,食費,2022-04-12,スキヤ,570,クレジット,
342,消耗品,2022-04-13,ＡＭＡＺＯＮ．ＣＯ．ＪＰ,445,クレジット,
343,返済,2022-05-31,返済関係,5000,クレジット,
344,水道・ガス・光熱費,2022-02-09,トウキヨウデンリヨク,5538,クレジット,
345,食費,2022-02-13,カブシキガイシャミライト,1750,クレジット,
346,旅費交通費,2022-02-13,ケイセイタクシ－ナラシノ　カ－ド,900,クレジット,
347,消耗品,2022-02-14,ペイペイ　ダイソー,110,クレジット,
348,食費,2022-02-14,アコレ,2197,クレジット,
349,食費,2022-02-15,ヒダカヤ　ケイセイフナバシテン,680,クレジット,
350,食費,2022-02-15,スキヤ,570,クレジット,
351,食費,2022-02-15,マルエツオオクボエキマエテン,791,クレジット,
352,食費,2022-02-17,マルエツフナバシミヤマテン,416,クレジット,
353,食費,2022-02-19,マルエツフナバシミヤマテン,600,クレジット,
354,旅費交通費,2022-02-20,アパホテル　アキハバラエキマエ,5800,クレジット,
355,食費,2022-02-20,マルエツフナバシミヤマテン,716,クレジット,
356,食費,2022-02-20,マツクスバリユ,1417,クレジット,
357,食費,2022-02-22,マツヤ　アキハバラ,380,クレジット,
358,食費,2022-02-22,パ－クビル,1200,クレジット,
359,消耗品,2022-02-23,ＡＭＡＺＯＮ．ＣＯ．ＪＰ,360,クレジット,
360,消耗品,2022-02-23,ＡＭＡＺＯＮ．ＣＯ．ＪＰ,1980,クレジット,
361,消耗品,2022-02-23,ＡＭＡＺＯＮ．ＣＯ．ＪＰ,990,クレジット,
362,食費,2022-02-23,マツクスバリユ,1038,クレジット,
363,食費,2022-02-23,マツクスバリユ,2795,クレジット,
364,食費,2022-02-27,マルエツフナバシミヤマテン,2497,クレジット,
365,通信費,2022-02-28,ラクテングル－プデンワサ－ビス,3190,クレジット,
366,通信費,2022-02-28,ＡＰＰＬＥ　ＣＯＭ　ＢＩＬＬ,130,クレジット,
367,通信費,2022-02-28,ドコモ　ゴリヨウリヨウキン,9187,クレジット,
368,食費,2022-03-01,ヒダカヤ　ケイセイフナバシテン,680,クレジット,
369,食費,2022-03-01,マルエツオオクボエキマエテン,2135,クレジット,
370,食費,2022-03-02,マツクスバリユ,1976,クレジット,
371,食費,2022-03-04,マツクスバリユ,1080,クレジット,
372,食費,2022-03-05,ヒダカヤ　ケイセイオオクボテン,680,クレジット,
373,消耗品,2022-03-05,ヘアメイクアース　ツダヌマテン,3300,クレジット,
374,食費,2022-03-05,アコレ,2289,クレジット,
375,消耗品,2022-03-06,ＡＭＡＺＯＮ．ＣＯ．ＪＰ,220,クレジット,
376,消耗品,2022-03-07,ＰＨＯＴＯＳＨＯＰ　　　　　　　　　　　　　　０５,2728,クレジット,
377,食費,2022-03-08,マルエツオオクボエキマエテン,781,クレジット,
378,通信費,2022-03-08,ＡＤＯＢＥ　ＰＳ　ＣＲＥＡＴＩＶＥ　ＣＬＤ　　０５,-2728,クレジット,
379,消耗品,2022-03-11,ＡＭＡＺＯＮ．ＣＯ．ＪＰ,3458,クレジット,
380,食費,2022-03-11,マルエツフナバシミヤマテン,2920,クレジット,
381,消耗品,2022-03-12,メガドン　キホ－テ　ナラシノテン,1408,クレジット,
382,食費,2022-03-12,マツクスバリユ,1126,クレジット,
383,消耗品,2022-03-13,ペイペイ　ダイソー,220,クレジット,
384,消耗品,2022-03-13,ＡＭＡＺＯＮ．ＣＯ．ＪＰ,1640,クレジット,
385,消耗品,2022-03-13,ＡＭＡＺＯＮ．ＣＯ．ＪＰ,1499,クレジット,
386,返済,2022-05-31,返済関係,5000,クレジット,
387,ガス・光熱費,2022-01-09,トウキヨウデンリヨク,7097,クレジット,
388,研修費,2022-01-17,ＳＴ＊リフアインゴウドウガイシヤ,198000,クレジット,
389,食費,2022-01-17,マツクスバリユ,866,クレジット,
390,食費,2022-01-18,クロニツク　タコス,870,クレジット,
391,食費,2022-01-18,ロ－ソン　ＬＡＷ　マルノウチナカドオリ,180,クレジット,
392,消耗品,2022-01-20,ペイペイ　ダイソー,440,クレジット,
393,消耗品,2022-01-20,ペイペイ　ダイソー,220,クレジット,
394,食費,2022-01-20,マツクスバリユ,490,クレジット,
395,消耗品,2022-01-21,ＡＭＡＺＯＮ．ＣＯ．ＪＰ,1700,クレジット,
396,消耗品,2022-01-21,ＡＭＡＺＯＮ．ＣＯ．ＪＰ,750,クレジット,
397,消耗品,2022-01-21,ダバダストアラクテンイチバテン,462,クレジット,
398,食費,2022-01-22,マルエツフナバシミヤマテン,3103,クレジット,
399,食費,2022-01-23,マルエツオオクボエキマエテン,85,クレジット,
400,食費,2022-01-23,アコレ,1423,クレジット,
401,食費,2022-01-24,マルエツフナバシミヤマテン,581,クレジット,
402,消耗品,2022-01-25,ＡＭＡＺＯＮ．ＣＯ．ＪＰ,6880,クレジット,
403,食費,2022-01-25,オオトヤ　ヨヨギエキマエテン,840,クレジット,
404,消耗品,2022-01-26,ペイペイ　ダイソー,330,クレジット,
405,食費,2022-01-26,マツクスバリユ,1342,クレジット,
406,消耗品,2022-01-27,ペイペイ　ダイソー,110,クレジット,
407,消耗品,2022-01-27,ＡＭＡＺＯＮ．ＣＯ．ＪＰ,2280,クレジット,
408,食費,2022-01-27,マツクスバリユ,138,クレジット,
409,食費,2022-01-28,フアミリ－マ－トヨヨギエキマエ,180,クレジット,
410,食費,2022-01-28,セブン　イレブン,203,クレジット,
411,消耗品,2022-01-29,ペイペイ　ダイソー,220,クレジット,
412,消耗品,2022-01-29,ペイペイ　ダイソー,110,クレジット,
413,消耗品,2022-01-29,ヘアメイクアース　ツダヌマテン,3190,クレジット,
414,旅費交通費,2022-01-29,ユ－．エス．ジエイ　オンラインチケツト,55400,クレジット,
415,消耗品,2022-01-29,メガドン　キホ－テ　ナラシノテン,1699,クレジット,
416,消耗品,2022-01-29,マツクスバリユ,587,クレジット,
417,食費,2022-01-30,ペイペイ　ダイソー,440,クレジット,
418,通信費,2022-01-30,ＡＰＰＬＥ　ＣＯＭ　ＢＩＬＬ,130,クレジット,
419,食費,2022-01-31,マルエツフナバシミヤマテン,1507,クレジット,
420,通信費,2022-01-31,ドコモ　ゴリヨウリヨウキン,10752,クレジット,
421,食費,2022-02-01,オオトヤ　ヨヨギエキマエテン,860,クレジット,
422,食費,2022-02-02,マルエツフナバシミヤマテン,606,クレジット,
423,食費,2022-02-03,ヒダカヤ　ケイセイオオクボテン,680,クレジット,
424,食費,2022-02-05,マルエツフナバシミヤマテン,868,クレジット,
425,食費,2022-02-05,マルエツフナバシミヤマテン,2506,クレジット,
426,食費,2022-02-06,マルエツフナバシミヤマテン,1739,クレジット,
427,食費,2022-02-08,スキヤ,550,クレジット,
428,食費,2022-02-08,アコレ,336,クレジット,
429,消耗品,2022-02-09,ラクテンエディオフィシャルショップ,330,クレジット,
430,食費,2022-02-10,ヤヨイケン　ウチホンマチテン,890,クレジット,
431,食費,2022-02-10,スキヤ,630,クレジット,
432,食費,2022-02-10,カンサイコクサイクウコウテナントイツパ,400,クレジット,
433,食費,2022-02-10,カンサイコクサイクウコウテナントイツパ,319,クレジット,
434,接待交際費,2022-02-10,スタ－バツクスコ－ヒ－ジヤパン,165,クレジット,
435,接待交際費,2022-02-10,スタ－バツクスコ－ヒ－ジヤパン,510,クレジット,
436,食費,2022-02-11,ロ－ソン　ＬＡＷ　タニマチ３チヨウメニシ,180,クレジット,
437,接待交際費,2022-02-11,ウミエ　モザイク,3344,クレジット,
438,旅費交通費,2022-02-12,ミカヅキタクシ－カブシキガイシャ,1720,クレジット,
439,食費,2022-02-12,ロ－ソン　ＬＡＷ　ホテルケイハンユニバ,258,クレジット,
440,返済,2022-05-31,返済関係,5000,クレジット,
441,接待交際費,2022-01-02,アカサカビズタワ－,4290,クレジット,
442,食費,2022-01-03,マルエツフナバシミヤマテン,1886,クレジット,
443,食費,2022-01-04,マルエツフナバシミヤマテン,3008,クレジット,
444,消耗品,2022-01-05,トウキユウプラザギンザ,1716,クレジット,
445,食費,2022-01-07,ダイレツクス,1270,クレジット,
446,旅費交通費,2022-01-07,スプリング．ジヤパン,3000,クレジット,
447,旅費交通費,2022-01-07,ＪＥＴＳＴＡＲ０００００００ＺＤ１１９Ｂ　　　ＮＡ,19120,クレジット,
448,食費,2022-01-08,ダイレツクス,2330,クレジット,
449,旅費交通費,2022-01-09,アパヴイラホテル　オオサカタニマチヨ,15100,クレジット,
450,食費,2022-01-09,ダイレツクス,433,クレジット,
451,食費,2022-01-10,ダイレツクス,800,クレジット,
452,食費,2022-01-13,エ－コ－プ　マチカドバタケテン,578,クレジット,
453,通信費,2021-11-30,ドコモ　ゴリヨウリヨウキン,6578,クレジット,
454,通信費,2021-12-02,エツクスサ－バ－,13200,クレジット,
455,食費,2021-12-03,スキヤ,560,クレジット,
456,食費,2021-12-03,マルエツフナバシミヤマテン,2319,クレジット,
457,食費,2021-12-04,マツクスバリユ,1662,クレジット,
458,食費,2021-12-06,ウーバーイーツジャパンゴウドウ,2268,クレジット,
459,食費,2021-12-06,ウーバーイーツジャパンゴウドウ,113,クレジット,
460,食費,2021-12-06,サツポロライオン,1000,クレジット,
461,食費,2021-12-06,カフエ　ド　クリエ　マルノウチＭＹＰＬ,300,クレジット,
462,食費,2021-12-06,セブン　イレブン,620,クレジット,
463,旅費交通費,2021-12-07,メンズカジュアルツウハンエムシ－エム,5998,クレジット,
464,食費,2021-12-07,マルエツオオクボエキマエテン,960,クレジット,
465,食費,2021-12-09,ヒダカヤ　シンオオクボキタグチテン,680,クレジット,
466,食費,2021-12-09,マルエツオオクボエキマエテン,1583,クレジット,
467,食費,2021-12-09,コクミンフナバシフエイステン,382,クレジット,
468,消耗品,2021-12-10,ペイペイ　ダイソー,330,クレジット,
469,消耗品,2021-12-10,スキヤ,350,クレジット,
470,消耗品,2021-12-10,ベロ－チエ　ミナミシンジユクテン,231,クレジット,
471,食費,2021-12-10,マツクスバリユ,138,クレジット,
472,食費,2021-12-11,オコメノタカサカ,5380,クレジット,
473,食費,2021-12-12,マルエツオオクボエキマエテン,945,クレジット,
474,通信費,2021-12-13,アデルフォスラクテンイチバテン,1330,クレジット,